Participant ID,Scenario 1: Registration,Scenario 2: Project Discovery,Scenario 3: Project Posting,Scenario 4: Communication,Scenario 5: Payment Processing,Average Time (min),Total Errors
UT-FL-001,Success,Success,N/A,Success,Success,8.2,1
UT-FL-002,Success,Success,N/A,Success,Success,7.5,0
UT-FL-003,Success,Success,N/A,Success,Success,6.8,0
UT-FL-004,Success,Failed,N/A,Success,Success,9.1,2
UT-FL-005,Success,Success,N/A,Success,Success,8.5,1
UT-FL-006,Success,Success,N/A,Success,Success,7.2,0
UT-FL-007,Success,Success,N/A,Success,Success,7.8,1
UT-FL-008,Success,Success,N/A,Success,Success,6.9,0
UT-FL-009,Success,Success,N/A,Success,Failed,9.3,2
UT-FL-010,Success,Success,N/A,Success,Success,7.6,0
UT-FL-011,Success,Success,N/A,Success,Success,6.5,0
UT-FL-012,Success,Success,N/A,Success,Success,8.8,1
UT-FL-013,Success,Success,N/A,Success,Success,8.1,1
UT-FL-014,Success,Success,N/A,Success,Success,7.4,0
UT-FL-015,Success,Success,N/A,Success,Success,6.3,0
UT-CL-001,Success,N/A,Success,Success,Success,8.9,1
UT-CL-002,Success,N/A,Failed,Success,Success,11.5,3
UT-CL-003,Success,N/A,Success,Success,Success,7.8,0
UT-CL-004,Failed,N/A,Success,Success,Success,10.2,2
UT-CL-005,Success,N/A,Success,Success,Success,8.3,1
UT-CL-006,Success,N/A,Success,Success,Failed,9.7,2
UT-CL-007,Success,N/A,Success,Success,Success,7.5,0
UT-CL-008,Success,N/A,Success,Success,Success,7.1,0
UT-CL-009,Success,N/A,Success,Failed,Success,8.6,1
UT-CL-010,Success,N/A,Success,Success,Success,8.4,1
