Participant ID,Q1: Registration Ease,Q2: Search Intuitiveness,Q3: Communication Satisfaction,Q4: Payment Confidence,Q5: UI Design Rating,Q6: Recommendation Likelihood,Q7: Most Valuable Feature,Q8: Area for Improvement
UT-FL-001,Very Easy,Very Intuitive,Very Satisfied,Very Confident,Good,Very Likely,Secure payment processing,Mobile responsiveness
UT-FL-002,Very Easy,Intuitive,Very Satisfied,Very Confident,Excellent,Very Likely,Integrated project management,Advanced search filters
UT-FL-003,Very Easy,Very Intuitive,Very Satisfied,Very Confident,Excellent,Very Likely,Real-time communication,None
UT-FL-004,Easy,Neutral,Satisfied,Confident,Good,Likely,Secure payment processing,Help documentation
UT-FL-005,Very Easy,Intuitive,Very Satisfied,Very Confident,Good,Very Likely,User-friendly interface,Mobile responsiveness
UT-FL-006,Very Easy,Very Intuitive,Very Satisfied,Very Confident,Excellent,Very Likely,Integrated project management,Notification management
UT-FL-007,Easy,Intuitive,Satisfied,Very Confident,Good,Likely,Secure payment processing,Advanced search filters
UT-FL-008,Very Easy,Very Intuitive,Very Satisfied,Very Confident,Excellent,Very Likely,Real-time communication,Loading speed optimization
UT-FL-009,Easy,Intuitive,Satisfied,Confident,Good,Likely,User-friendly interface,Mobile responsiveness
UT-FL-010,Very Easy,Very Intuitive,Very Satisfied,Very Confident,Excellent,Very Likely,Integrated project management,None
UT-FL-011,Very Easy,Very Intuitive,Very Satisfied,Very Confident,Excellent,Very Likely,Project matching algorithm,Advanced search filters
UT-FL-012,Easy,Intuitive,Satisfied,Confident,Average,Neutral,Secure payment processing,Help documentation
UT-FL-013,Very Easy,Intuitive,Very Satisfied,Very Confident,Good,Very Likely,Real-time communication,Mobile responsiveness
UT-FL-014,Very Easy,Very Intuitive,Very Satisfied,Very Confident,Excellent,Very Likely,Integrated project management,Notification management
UT-FL-015,Very Easy,Very Intuitive,Very Satisfied,Very Confident,Excellent,Very Likely,Secure payment processing,None
UT-CL-001,Very Easy,N/A,Very Satisfied,Very Confident,Good,Very Likely,Secure payment processing,Mobile responsiveness
UT-CL-002,Easy,N/A,Satisfied,Neutral,Average,Neutral,User-friendly interface,Help documentation
UT-CL-003,Very Easy,N/A,Very Satisfied,Very Confident,Excellent,Very Likely,Integrated project management,Advanced search filters
UT-CL-004,Neutral,N/A,Satisfied,Confident,Good,Likely,Secure payment processing,Mobile responsiveness
UT-CL-005,Very Easy,N/A,Very Satisfied,Very Confident,Excellent,Very Likely,Real-time communication,Notification management
UT-CL-006,Easy,N/A,Satisfied,Confident,Good,Likely,Secure payment processing,Help documentation
UT-CL-007,Very Easy,N/A,Very Satisfied,Very Confident,Excellent,Very Likely,Integrated project management,Loading speed optimization
UT-CL-008,Very Easy,N/A,Very Satisfied,Very Confident,Excellent,Very Likely,Project matching algorithm,None
UT-CL-009,Very Easy,N/A,Satisfied,Very Confident,Good,Very Likely,Real-time communication,Advanced search filters
UT-CL-010,Easy,N/A,Very Satisfied,Confident,Good,Likely,User-friendly interface,Mobile responsiveness
